url,label
http://onlinesbi-secure-login.com,1
http://verify-bank-accounts.com,1
https://secure-paypal-update.info/login,1
http://account-google-verify.com,1
https://login-paypal-support.net,1
http://free-gift-paypal.com,1
https://confirm-your-bank.co/login,1
http://appleid.verify-account.com,1
https://secure-update-microsoft.com,1
http://signin-google-security.com,1
http://banking-online-verify.com,1
https://update-paypal-accounts.com,1
http://secure-google-login.info,1
https://myaccount-secure-login.com,1
http://verify-account-google.net,1
https://secure-login-bankonline.co,1
http://paypal.account-verify.net,1
https://google-secure-auth.com,1
http://apple-id-secure-login.com,1
https://login-facebook-secure.net,1
http://reset-paypal-password.com,1
https://verify-payments-online.com,1
http://update-bank-account.org,1
https://secure-paypal-service.com,1
http://account-security-check.com,1
https://secure-login-portal.net,1
http://verify-login-bank.com,1
https://online-bank-verify.org,1
http://secure-mail-login.com,1
https://confirm-paypal-account.com,1
http://g00gle-login.com,1
https://google-support-login.co,1
http://secure-bank-login-portal.com,1
https://payments-verify-online.com,1
http://secure-signin-net.com,1
https://verify-sbi-online.com,1
http://onlinesbi-login-verify.net,1
https://account.verify.login.com,1
http://secure-update-account.com,1
https://pay-paypal-verify.com,1
http://auth-google-signin.com,1
https://verify-appleid-account.com,1
http://login.security-update.com,1
https://support-paypal-login.net,1
http://banking-verify-now.com,1
https://secure-login-example.com/path/login,1
http://freeoffer-paypal.com,1
https://secure-account-portal.net,1
http://signin-apple-update.com,1
https://update-security-google.com,1
http://secure-login-payments.net,1
https://verify-online-account.info,1
http://paypal-security-login.com,1
https://mybank-secure-login.org,1
http://online-payments-verify.com,1
https://secure-login-authenticate.net,1
http://verify-account-update.com,1
https://bank-login-secure-now.co,1
http://secure-login-verify-bank.com,1
https://payment-login-secure.com,1
http://account-update-verify.net,1
https://secure-login-service.org,1
http://verify-now-paypal.net,1
https://my-secure-login-bank.com,1
http://secure-verify-account.co,1
https://login-bank-secure-service.com,1
http://onlinesbi-secure-verify.net,1
https://paypal-update-login.org,1
http://secure-login-auth.net,1
https://verify-account-online-gov.com,1
http://signin-security-verify.com,1
https://secure-update-account-service.com,1
http://confirm-online-payment.net,1
https://secure-login-paypal-update.com,1
http://gogle-login-page.com,1
https://login-secure-bank-verify.info,1
http://secure-authenticate-account.com,1
https://verify-security-login.co,1
http://securebank-login-portal.com,1
https://paypal-authentication-update.com,1
http://confirm-account-login.net,1
https://update-security-verify.com,1
http://secure-login-alert.com,1
https://verifycredentials-online.com,1
http://secure-payments-login.net,1
https://urgent-account-verify.com,1
http://signin-verify-paypal.net,1
https://secure-activation-account.com,1
http://accountverification-online.com,1
https://secure-login-service-paypal.com,1
http://verify-online-banking-now.net,1
https://bankverify-login-service.com,1
http://secure-login-sbi-update.com,1
https://login-security-verify-now.net,1
http://verify-apple-login-account.com,1
https://confirm-login-details.net,1
http://secure-login-portal-payments.com,1
https://account-update-verifynow.com,1
http://login-paypal-update-service.net,1
https://verify-bank-login-online.org,1
http://secure-login-gov-update.com,1
https://support-account-verify.com,1
http://login-google-account-verify.com,1
https://secure-login-scam-example.com,1
http://phish.example-fake-bank.com,1
http://bit.ly/fake-login123,1
http://tinyurl.com/secure-login-fake,1
http://onlinesbi-secure-login.com,1
http://verify-bank-accounts.com,1
https://secure-paypal-update.info/login,1
http://account-google-verify.com,1
https://login-paypal-support.net,1
http://free-gift-paypal.com,1
https://confirm-your-bank.co/login,1
http://appleid.verify-account.com,1
https://secure-update-microsoft.com,1
http://signin-google-security.com,1
http://banking-online-verify.com,1
https://update-paypal-accounts.com,1
http://secure-google-login.info,1
https://myaccount-secure-login.com,1
http://verify-account-google.net,1
https://secure-login-bankonline.co,1
http://paypal.account-verify.net,1
https://google-secure-auth.com,1
http://apple-id-secure-login.com,1
https://login-facebook-secure.net,1
http://reset-paypal-password.com,1
https://verify-payments-online.com,1
http://update-bank-account.org,1
https://secure-paypal-service.com,1
http://account-security-check.com,1
https://secure-login-portal.net,1
http://verify-login-bank.com,1
https://online-bank-verify.org,1
http://secure-mail-login.com,1
https://confirm-paypal-account.com,1
http://g00gle-login.com,1
https://google-support-login.co,1
http://secure-bank-login-portal.com,1
https://payments-verify-online.com,1
http://secure-signin-net.com,1
https://verify-sbi-online.com,1
http://onlinesbi-login-verify.net,1
https://account.verify.login.com,1
http://secure-update-account.com,1
https://pay-paypal-verify.com,1
http://auth-google-signin.com,1
https://verify-appleid-account.com,1
http://login.security-update.com,1
https://support-paypal-login.net,1
http://banking-verify-now.com,1
https://secure-login-example.com/path/login,1
http://freeoffer-paypal.com,1
https://secure-account-portal.net,1
http://signin-apple-update.com,1
https://update-security-google.com,1
http://secure-login-payments.net,1
https://verify-online-account.info,1
http://paypal-security-login.com,1
https://mybank-secure-login.org,1
http://online-payments-verify.com,1
https://secure-login-authenticate.net,1
http://verify-account-update.com,1
https://bank-login-secure-now.co,1
http://secure-login-verify-bank.com,1
https://payment-login-secure.com,1
http://account-update-verify.net,1
https://secure-login-service.org,1
http://verify-now-paypal.net,1
https://my-secure-login-bank.com,1
http://secure-verify-account.co,1
https://login-bank-secure-service.com,1
http://onlinesbi-secure-verify.net,1
https://paypal-update-login.org,1
http://secure-login-auth.net,1
https://verify-account-online-gov.com,1
http://signin-security-verify.com,1
https://secure-update-account-service.com,1
http://confirm-online-payment.net,1
https://secure-login-paypal-update.com,1
http://gogle-login-page.com,1
https://login-secure-bank-verify.info,1
http://secure-authenticate-account.com,1
https://verify-security-login.co,1
http://securebank-login-portal.com,1
https://paypal-authentication-update.com,1
http://confirm-account-login.net,1
https://update-security-verify.com,1
http://secure-login-alert.com,1
https://verifycredentials-online.com,1
http://secure-payments-login.net,1
https://urgent-account-verify.com,1
http://signin-verify-paypal.net,1
https://secure-activation-account.com,1
http://accountverification-online.com,1
https://secure-login-service-paypal.com,1
http://verify-online-banking-now.net,1
https://bankverify-login-service.com,1
http://secure-login-sbi-update.com,1
https://login-security-verify-now.net,1
http://verify-apple-login-account.com,1
https://confirm-login-details.net,1
http://secure-login-portal-payments.com,1
https://account-update-verifynow.com,1
http://login-paypal-update-service.net,1
https://verify-bank-login-online.org,1
http://secure-login-gov-update.com,1
https://support-account-verify.com,1
http://login-google-account-verify.com,1
https://secure-login-scam-example.com,1
http://phish.example-fake-bank.com,1
http://bit.ly/fake-login123,1
http://tinyurl.com/secure-login-fake,1
http://secure-paypal-notice-login.com,1
https://bank-verify-alert.net/login,1
http://update-your-sbi-acc.com,1
https://confirm-payments-paypal.co/verify,1
http://g00gle-secure-login.net,1
https://verify-icloud-account.info/reset,1
http://appleid-security-check.org/login,1
https://microsoft-account-verify.co/secure,1
http://amazon-login-update-page.com,1
https://paypal-auth-update.net/confirm,1
http://login-secure-google.co/verify,1
https://verify-bank-ofindia-login.info,1
http://reset-paytm-account.net/confirm,1
https://secure-sbi-login-portal.co/update,1
http://verify-uidai-login.org/reset,1
https://secure-onlinesbi-verify.com/login,1
http://facebook-account-secure.net/confirm,1
https://check-your-gmail-account.co/reset,1
http://secure-account-amazon-update.org/login,1
https://paypal-account-lock.net/verify,1
http://update-mozilla-id.com/login,1
https://secure-apple-pay-login.net/confirm,1
http://google-accounts-security.co/reset,1
https://verify-netflix-account.info/login,1
http://secure-bank-updateportal.net/confirm,1
https://signin-paypal-service.com/verify,1
http://verify-your-bankaccount.org/login,1
https://security-alert-googlemail.net/confirm,1
http://account-update-icloud.com/verify,1
https://paypay-security-check.net/login,1
http://secure-amazon-check.co/confirm,1
https://verify-somebank-login.info/reset,1
http://secure-login-bankofamerica.net/confirm,1
https://confirm-verify-accounts.org/login,1
http://secure-login-payments.co/verify,1
https://update-your-password-now.org/confirm,1
http://secure-signin-apple.net/login,1
https://verify-your-account-paypal.co/confirm,1
http://login-account-update-gov.com/verify,1
https://securebanking-verify.net/login,1
http://confirm-appleid-account.org/reset,1
https://account-update-online-pay.net/verify,1
http://secure-pay-update.com/login,1
https://verify-merchant-paypal.net/confirm,1
http://update-google-accounts.co/reset,1
https://secure-login-portal-pay.com/verify,1
http://confirm-user-account-bank.org/login,1
https://verify-sso-google.net/confirm,1
http://secure-login-stepverify.com/verify,1
https://account-recovery-paypal.net/reset,1
http://secure-update-account-service.org/login,1
https://verify_your_account.sbi.co.in/login,1
http://signin-google-secure.co/confirm,1
https://secureopenbank-login.net/verify,1
http://update-your-pay-account.com/reset,1
https://secure-paypal-update-center.org/login,1
http://verify-multiple-accounts.net/confirm,1
https://sso-google-account-verify.co/login,1
http://secure-mail-account-check.org/verify,1
https://update-your-email-gov.net/reset,1
http://confirm-bank-info.co/secure,1
https://secure-login-auth-paypal.net/verify,1
http://updateaccounts-online.com/confirm,1
https://secure-google-account-auth.co/login,1
http://verify-transaction-paypal.net/confirm,1
https://secure-account-support.org/login,1
http://signin-secure-authenticate.co/verify,1
https://verification-paypal-service.net/login,1
http://secure-update-onlinebank.org/confirm,1
https://verify-online-account-pay.co/reset,1
http://mail-account-update.net/login,1
https://secure-auth-google-account.org/verify,1
http://confirm-oracle-account.com/verify,1
https://secure-signin-payment.net/login,1
http://update-verify-sbi-online.org/confirm,1
https://securebank-support.co/login,1
http://confirm-account-paypal-help.net/verify,1
https://secure-google-verify-now.org/login,1
http://bankaccount-secure-update.net/confirm,1
https://verify-appleid-now.co/login,1
http://secure-login-service-bank.org/verify,1
https://notice-paypal-security.net/confirm,1
http://check-your-account-secure.com/login,1
https://secure-online-payments.co/verify,1
http://verify-bankaccount-info.net/confirm,1
https://secure-login-reset.org/login,1
http://confirm-google-login-now.co/verify,1
https://secure-microsoft-account.net/confirm,1
http://verify-accounts-online.org/login,1
https://secure-payment-update.co/confirm,1
http://verify-your-credentials.net/login,1
https://secure-sso-account.net/confirm,1
http://confirm-your-appleid.org/login,1
https://secure-login-helpdesk.co/verify,1
http://paypal-confirmation-service.net/login,1
https://verify-login-update.org/confirm,1
http://secure-bank-login-portal.com/verify,1
https://account-security-check-online.co/login,1
http://secure-update-verification.net/confirm,1
https://service-paypal-verify.org/login,1
http://verify-payments-online.net/confirm,1
https://secure-account-verifier.co/login,1
http://confirmupdate-google.net/verify,1
https://secure-signin-update.org/login,1
http://verify-account-protection.com/confirm,1
https://secure-login-auth.net/verify,1
http://verify-paypal-credentials.org/login,1
https://secure-account-monitoring.co/confirm,1
http://login-verify-security.net/verify,1
https://secure-account-recovery.org/login,1
http://confirm-bankservices.co/verify,1
https://secure-checkout-auth.net/login,1
http://verify-identity-online.org/confirm,1
https://secure-user-authenticate.co/login,1
http://confirm-paypal-portal.com/verify,1
https://secure-login-confirmation.org/login,1
http://verify-social-account.net/confirm,1
https://secure-banking-auth.co/login,1
http://confirm-google-accounts.org/verify,1
https://secure-portal-auth.net/login,1
http://verify-your-contact.net/confirm,1
https://secure-user-check.co/login,1
http://confirm-sso-login.org/verify,1
https://secure-authentication-paypal.net/login,1
http://verify-account-safeguard.org/confirm,1
https://secure-login-verifycenter.co/login,1
http://confirm-mailbox-update.net/verify,1
https://secure-data-update.org/login,1
http://verify-credentials-online.co/confirm,1
https://secure-account-alerts.net/login,1
http://confirm-banking-portal.org/verify,1
https://secure-login-portal-service.co/login,1
http://verify-user-identity.net/confirm,1
https://secure-payment-verifier.org/login,1
http://confirm-email-security.co/verify,1
https://secure-account-validate.net/login,1
http://verify-financial-account.org/confirm,1
https://secure-signin-protect.co/login,1
http://confirm-account-holder.net/verify,1
https://secureuser-auth.net/login,1
http://verify-card-details.org/confirm,1
https://secure-account-updatecenter.co/login,1
http://confirm-safety-login.net/verify,1
https://secure-portal-payments.org/login,1
http://verify-business-account.net/confirm,1
https://secure-login-check.co/login,1
http://confirm-admin-access.org/verify,1
https://secure-auth-check.net/login,1
http://verify-account-activation.co/confirm,1
https://secure-verify-online.org/login,1
http://confirm-user-registration.net/verify,1
https://secure-portal-authenticate.co/login,1
http://verify-order-paypal.org/confirm,1
https://secure-account-verification.net/login,1
http://confirm-account-access.co/verify,1
https://secure-login-systems.org/login,1
http://verify-identity-check.net/confirm,1
https://secure-account-security.co/login,1
http://confirm-transaction-auth.org/verify,1
https://secure-online-portal.co/login,1
http://verify-account-updatecenter.net/confirm,1
https://secure-service-auth.org/login,1
http://verify-customer-account.co/confirm,1
https://secure-accountsupport.net/login,1
http://verify-account-user.org/confirm,1
https://secure-auth-service.co/login,1
http://verify-online-credentials.net/confirm,1
https://secure-user-portal.org/login,1
http://verify-access-account.co/confirm,1
https://secure-login-servicecenter.net/login,1
http://verify-payment-account.org/confirm,1
https://secure-account-checkup.co/login,1
http://verify-member-account.net/confirm,1
https://secure-auth-verification.org/login,1
http://verify-account-protection.co/confirm,1
https://secure-customer-portal.net/login,1
http://verify-account-service.org/confirm,1
https://secure-login-support.co/login,1
http://verify-identity-protect.net/confirm,1
https://secure-account-dashboard.org/login,1
http://verify-user-protection.co/confirm,1
https://secure-web-login.net/login,1
http://verify-account-holder.org/confirm,1
https://secure-authentication-service.co/login,1
http://verify-accounts-manager.net/confirm,1
https://secure-login-checker.org/login,1
http://verify-payment-protect.co/confirm,1
https://secure-account-safeguard.net/login,1
http://verify-online-protection.org/confirm,1
https://secure-portal-check.co/login,1
http://verify-account-secure.net/confirm,1
https://secure-login-verifier.org/login,1
http://verify-safe-account.co/confirm,1
https://secure-auth-center.net/login,1
http://verify-client-account.org/confirm,1
https://secure-accounts-service.co/login,1
http://verify-portal-access.net/confirm,1
https://secure-account-manager.org/login,1
http://verify-user-auth.net/confirm,1
https://secure-payment-center.co/login,1
http://verify-customer-service.org/confirm,1
https://secure-login-authentication.net/login,1
http://verify-account-security.co/confirm,1
https://secure-online-auth.co/login,1
http://verify-member-service.org/confirm,1
https://secure-auth-protect.net/login,1
http://verify-account-verify.co/confirm,1
https://secure-identity-check.org/login,1
http://verify-finance-account.net/confirm,1
https://secure-login-portalcenter.co/login,1
http://verify-customer-portal.org/confirm,1
https://secure-account-verifycenter.net/login,1
http://verify-payment-service.co/confirm,1
https://secure-login-account.org/login,1
http://verify-online-accounts.net/confirm,1
https://secure-authentication-center.co/login,1
http://verify-user-identity.org/confirm,1
https://secure-account-verifier.net/login,1
http://verify-account-auth.co/confirm,1
https://secure-login-service-portal.org/login,1
http://verify-customer-accounts.net/confirm,1
https://secure-web-authentication.co/login,1
http://verify-account-check.org/confirm,1
https://secure-portal-authentication.net/login,1
http://verify-account-holder.co/confirm,1
https://secure-auth-verifier.org/login,1
http://verify-banking-service.net/confirm,1
https://secure-login-safety.co/login,1
http://verify-account-user.org/confirm,1
https://secure-accounts-portal.net/login,1
http://verify-payment-portal.co/confirm,1
https://secure-customer-auth.org/login,1
http://verify-account-access.net/confirm,1
https://secure-login-authenticator.co/login,1
http://verify-user-portal.org/confirm,1
https://secure-payment-auth.net/login,1
http://verify-account-support.co/confirm,1
https://secure-portal-service.org/login,1
http://verify-customer-account.net/confirm,1
https://secure-identity-portal.co/login,1
http://verify-user-credentials.org/confirm,1
https://secure-account-systems.net/login,1
http://verify-account-checkup.co/confirm,1
https://secure-login-verified.org/login,1
http://verify-account-service.net/confirm,1
https://secure-user-authentication.co/login,1
http://verify-client-portal.org/confirm,1
https://secure-account-protection.net/login,1
http://verify-member-portal.co/confirm,1
https://secure-login-safeguard.org/login,1
http://verify-account-verification.net/confirm,1
https://secure-auth-service-portal.co/login,1
http://verify-online-payments.org/confirm,1
https://secure-account-supportportal.net/login,1
http://verify-user-profiles.co/confirm,1
https://secure-login-system.org/login,1
http://verify-customer-auth.net/confirm,1
https://secure-account-authenticate.co/login,1
http://verify-order-account.org/confirm,1
https://secure-login-server.net/login,1
http://verify-user-service.co/confirm,1
https://secure-accounts-auth.org/login,1
http://verify-account-manager.co/confirm,1
https://secure-login-tech.net/login,1
http://verify-member-accounts.org/confirm,1
https://secure-authentication-service-portal.co/login,1
http://verify-user-confirmation.net/confirm,1
https://secure-account-authentication.org/login,1
http://verify-customer-portal-service.co/confirm,1
https://secure-login-accountservice.net/login,1
http://verify-portal-security.org/confirm,1
https://secure-authentication-verifier.co/login,1
http://verify-banking-portal.net/confirm,1
https://secure-login-customer.org/login,1
http://verify-payment-verification.co/confirm,1
https://secure-account-verify-service.net/login,1
http://verify-member-portal-service.org/confirm,1
https://secure-login-customerportal.co/login,1
http://verify-online-identity.net/confirm,1
https://secure-portal-protection.org/login,1
http://verify-user-account-service.co/confirm,1
https://secure-account-protectionportal.net/login,1
http://verify-business-portal.org/confirm,1
https://secure-login-customer-auth.co/login,1
http://verify-merchant-account.net/confirm,1
https://secure-authentication-portal.org/login,1
http://verify-user-security.co/confirm,1
https://secure-login-ecommerce.net/login,1
http://verify-member-service-portal.org/confirm,1
https://secure-account-monitor.net/login,1
http://verify-client-account-service.co/confirm,1
https://secure-login-trust.org/login,1
http://verify-payment-account-service.net/confirm,1
https://secure-portal-account.co/login,1
http://verify-customer-service-portal.org/confirm,1
https://secure-user-account.net/login,1
http://verify-account-holder-service.co/confirm,1
https://secure-authentication-protect.org/login,1
http://verify-account-management.net/confirm,1
https://secure-login-protection.co/login,1
http://verify-transactions-online.org/confirm,1
https://secure-account-center.net/login,1
http://verify-client-service-portal.co/confirm,1
https://secure-login-core.org/login,1
http://verify-user-portal-service.net/confirm,1
https://secure-accounts-center.co/login,1
http://verify-account-portal.org/confirm,1
https://secure-loginenterprise.net/login,1
http://verify-merchant-portal.co/confirm,1
https://secure-auth-center.org/login,1
http://verify-user-protection-service.net/confirm,1
https://secure-login-company.co/login,1
http://verify-account-business.org/confirm,1
https://secure-account-company.net/login,1
http://verify-payment-system.co/confirm,1
https://secure-portal-company.org/login,1
http://verify-customer-company.net/confirm,1
https://secure-auth-company.co/login,1
http://verify-client-company.org/confirm,1
https://secure-login-companyportal.net/login,1
http://verify-user-company.co/confirm,1
https://secure-accounts-company.org/login,1
http://verify-account-company.net/confirm,1
https://secure-login-businessportal.co/login,1
http://verify-payment-company.org/confirm,1
https://secure-portal-business.net/login,1
http://verify-customer-business.co/confirm,1
https://secure-auth-business.org/login,1
http://verify-user-business.net/confirm,1
https://secure-accounts-business.co/login,1
http://verify-account-businessportal.org/confirm,1
https://secure-login-service-business.net/login,1
http://verify-client-business.co/confirm,1
https://secure-auth-service-business.org/login,1
http://verify-user-enterprise.net/confirm,1
https://secure-login-enterprise.co/login,1
http://verify-account-enterprise.org/confirm,1
https://secure-portal-enterprise.net/login,1
http://verify-customer-enterprise.co/confirm,1
https://secure-auth-enterprise.org/login,1
http://verify-user-enterprise-service.net/confirm,1
https://secure-accounts-enterprise.co/login,1
http://verify-account-enterprise-portal.org/confirm,1
https://secure-login-global.net/login,1
http://verify-global-account.co/confirm,1
https://secure-portal-global.org/login,1
http://verify-customer-global.net/confirm,1
https://secure-auth-global.co/login,1
http://verify-user-global.org/confirm,1
https://secure-accounts-global.net/login,1
http://verify-account-global.co/confirm,1
https://secure-login-world.org/login,1
http://verify-world-account.net/confirm,1
https://secure-portal-world.co/login,1
http://verify-client-world.org/confirm,1
https://secure-auth-world.net/login,1
http://verify-user-world.co/confirm,1
https://secure-accounts-world.org/login,1
http://verify-account-world.net/confirm,1
https://secure-login-universal.co/login,1
http://verify-universal-account.org/confirm,1
https://secure-portal-universal.net/login,1
http://verify-customer-universal.co/confirm,1
https://secure-auth-universal.org/login,1
http://verify-user-universal.net/confirm,1
https://secure-accounts-universal.co/login,1
http://verify-account-universal.org/confirm,1
https://secure-login-hub.net/login,1
http://verify-hub-account.co/confirm,1
https://secure-portal-hub.org/login,1
http://verify-customer-hub.net/confirm,1
https://secure-auth-hub.co/login,1
http://verify-user-hub.org/confirm,1
https://secure-accounts-hub.net/login,1
http://verify-account-hub.co/confirm,1
https://secure-login-center.org/login,1
http://verify-center-account.net/confirm,1
https://secure-portal-center.co/login,1
http://verify-client-center.org/confirm,1
https://secure-auth-center.net/login,1
http://verify-user-center.co/confirm,1
https://secure-accounts-center.org/login,1
http://verify-account-center.net/confirm,1
https://secure-login-protect.co/login,1
http://verify-protect-account.org/confirm,1
https://secure-portal-protect.net/login,1
http://verify-client-protect.co/confirm,1
https://secure-auth-protect.org/login,1
http://verify-user-protect.net/confirm,1
https://secure-accounts-protect.co/login,1
http://verify-account-protect.org/confirm,1
https://secure-login-verify-now.net/login,1
http://verify-now-accounts.co/confirm,1
https://secure-portal-verify.org/login,1
http://verify-customer-verify.net/confirm,1
https://secure-auth-verify.co/login,1
http://verify-user-verify.org/confirm,1
https://secure-accounts-verify.net/login,1
http://verify-account-verify.co/confirm,1
https://secure-login-service-now.org/login,1
http://verify-now-service.net/confirm,1
https://secure-portal-service-now.co/login,1
http://verify-customer-now.org/confirm,1
https://secure-auth-now.net/login,1
http://verify-user-now.co/confirm,1
https://secure-accounts-now.org/login,1
http://verify-account-now.net/confirm,1
https://secure-login-portal-now.co/login,1
http://verify-portal-now.org/confirm,1
https://secure-auth-portal-now.net/login,1
http://verify-client-now.co/confirm,1
https://secure-accounts-portal-now.org/login,1
http://verify-account-portal-now.net/confirm,1
https://secure-login-safety-now.co/login,1
http://verify-safety-now.org/confirm,1
https://secure-portal-safety-now.net/login,1
http://verify-customer-safety.co/confirm,1
https://secure-auth-safety.org/login,1
http://verify-user-safety.net/confirm,1
https://secure-accounts-safety.co/login,1
http://verify-account-safety.org/confirm,1
https://secure-login-protect-now.net/login,1
http://verify-protect-now.co/confirm,1
https://secure-portal-protect-now.org/login,1
http://verify-client-protect-now.net/confirm,1
https://secure-auth-protect-now.co/login,1
http://verify-user-protect-now.org/confirm,1
https://secure-accounts-protect-now.net/login,1
http://verify-account-protect-now.co/confirm,1
https://secure-login-trust-now.org/login,1
http://verify-trust-now.net/confirm,1
https://secure-portal-trust-now.co/login,1
http://verify-client-trust-now.org/confirm,1
https://secure-auth-trust-now.net/login,1
http://verify-user-trust-now.co/confirm,1
https://secure-accounts-trust-now.org/login,1
http://verify-account-trust-now.net/confirm,1
https://secure-login-verify-protect.co/login,1
http://verify-protect-verify-now.org/confirm,1
https://secure-portal-verify-protect.net/login,1
http://verify-customer-verify-protect.co/confirm,1
https://secure-auth-verify-protect.org/login,1
http://verify-user-verify-protect.net/confirm,1
https://secure-accounts-verify-protect.co/login,1
http://verify-account-verify-protect.org/confirm,1
https://secure-login-portal-protect-now.net/login,1
http://verify-portal-protect-now.co/confirm,1
https://secure-authentication-portal-protect.org/login,1
http://verify-client-portal-protect-now.net/confirm,1
https://secure-accounts-portal-protect-now.co/login,1
http://verify-account-portal-protect-now.org/confirm,1
https://secure-login-authentication-center.co/login,1
http://verify-authentication-center-now.org/confirm,1
https://secure-portal-authentication-center.net/login,1
http://verify-client-authentication-center.co/confirm,1
https://secure-accounts-authentication-center.org/login,1
http://verify-account-authentication-center.net/confirm,1
https://secure-login-authentication-portal-now.co/login,1
http://verify-portal-authentication-center-now.org/confirm,1
https://secure-authentication-service-portal-protect.net/login,1
http://verify-client-authentication-service-portal.org/confirm,1
https://secure-accounts-authentication-service-portal.co/login,1
http://verify-account-authentication-service-portal-now.org/confirm,1
https://secure-portal-authentication-service-portal-protect.co/login,1
http://verify-client-portal-authentication-service-portal-now.net/confirm,1
https://secure-accounts-portal-authentication-service-portal-protect.org/login,1
http://verify-account-portal-authentication-service-portal-now.co/confirm,1
https://example-phish-test-01.com/verify,1
http://example-phish-test-02.net/login,1
https://example-phish-test-03.org/reset,1
http://example-phish-test-04.co/confirm,1
https://example-phish-test-05.info/verify,1
http://secure-paypal-notice-login.co,1
http://paypal.com-sessionlogin-account.cx,1
https://accounts-update.pay-safe.cc/login,1
http://faceb00k-authenticate.com/login,1
https://outlook-verification-alert.us/reset,1
http://amazon-customer-support.helpcenter.tel,1
http://login-info-update.appleid-account.us,1
https://secureapp-google-drive.com/confirm,1
https://qu1ckbooks-support-account.xyz,1
http://microsoft-supports.com.recoveryit.eu,1
https://reset-teslaloginaccount.com/update,1
http://new-login-admin-dropbox.space,1
https://webmail-payments-login.information,1
http://zoom-meeting-security-support.online,1
https://youtu.be/o0o0o0-phishing-url,1
http://verify-invoice-billing.com/download,1
https://secureportal.paypal-authentication.shop,1
http://info.mailalert-google.biz/auth,1
https://icloud-pw-reset-authenticator.us,1
https://tinyurl.com/account-logon-redirect,1
http://www.gmail-verification.info,1
https://azure-verification-alert.store/login,1
http://drive-authenticate.com/docid2059205,1
http://apple-idrecovery.mobi,1
http://myaccount-support-amazon.cc,1
https://www.banklogon-sbi-auth.co.in/login,1
http://onlinesb1-login-verification.click,1
http://www.github-confirmpassword.net,1
https://netflix-upgrade-billing.com/login,1
http://adminconsole.support-gsuitedownload.us,1
https://paypal-email-verification.co/secure,1
http://wire-transfer-uplift-support.com,1
http://paytm-kyp-updatealerts.co.in,1
https://phish-blob-urlattacker.blob.core.windows.net,1
https://evoting-access-payments.com,1
http://logfiles.google-mail-adminportal.net,1
https://signature-mysignnow-com.cloudurl.site,1
http://b1tly.info/login-paymentsecure,1
https://login-recoverfiledrop.com,1
http://whatsapp-verification-accountaccess.info,1
https://www.apple-support.updates-docs.link,1
http://chasebank.login-update-mailer.cn,1
https://account-activate.onedrive.us.org/portal,1
http://outlookattach-updatealerts.me,1
https://docus1gn-fileshare.admin.cloud,1
http://banking-paypal-confirm.ltd,1
https://vimeo-middleware-player.net/auth,1
http://gdrive-file-share.org/legal,1
https://msn-support-helpservice.com/check,1
http://icloud-account-deactivation.com/open,1
https://google-cloud-api-linker-reset.cf,1
http://cs-go-itemdropbonus.site,1
https://passw0rd-reset.google.drivefiles.download,1
http://payoneer-supports.com/customer-service,1
https://keylogger.attach-filephish.com,1
http://storage-cloudsupport.in/portal,1
https://fb-businesspages-resetalert.cc,1
http://mailru-credentials-restore.com,1
http://bbva-payments-alert-update.cf,1
https://invest-bank.login-verifypayu.com,1
http://www.spotifyauthsupport.io,1
https://blockchain-retokenaccess.com,1
http://bl0ckchain.io/2fa/login,1
https://servicenow-accesssupport.com,1
https://myetherwallett.online,1
http://webex-meeting-login-confirm.in,1
https://icloud-sessionsmailreset.ru,1
https://office365-services-check.com,1
http://www.login.safecloud.de,1
https://subdomain-accountsecure.safebank.cn,1
http://signin2-access.dropboxshare.me,1
http://networksolutions.mail-hosting-admin.co,1
https://loginuser-netflixupdater.com,1
http://creditcard.updates.servicepayment.com,1
http://secure.trello-auth-us.org,1
https://appleid-securityfaq-account.co,1
http://steam-login-users-reset.us,1
https://meet-googlelive-support.com,1
http://zendesk-fake-ticketview.com,1
https://expensify-download-billsupport.store,1
http://amazon-discount-offer.rf.gd,1
https://admin-githubalert.atwebpages.com,1
http://mediastream-microsoftteam-auth.link,1
https://web-support-upgrade.com,1
http://business-suite-facebookalert.cc,1
https://yandex-login-confirm.biz,1
http://www.wells-fargo-banking-mailupdates.com,1
https://instagram-auth-customerservice.ru,1
http://ftxexchange-supportconfirm.com,1
https://remote-login-serviceadmin.cloud,1
http://tik-tokdatarestore.com,1
https://accounts-linkedin-secureupdate.com,1
http://bancolombia-supportmailremit.net,1
https://paypal-security-alerts.live,1
http://twitch-account-update-usa.com,1
https://teamviewer.exe-phishingsite.net,1
http://securemessenger-telegramauth.com,1
https://loginwebex-teams.net,1
http://pandora-password-verifylink.com,1
https://login-publicbank-malaysia.com,1
http://smartsheetdata-directio.site,1
https://sharepoint-cloud-storage.io,1
http://axisbankalerts.mailaccess.com,1
https://fakebank.gq/login,1
http://ur1.ca/secure-update,1
https://can1phish-link.com/download,1
http://login-user-admin-jsdeliv.site,1
https://fidelity-auth-support.site,1
http://tickets-vipconcerts.link,1
https://sagepay-alerts-portal.com,1
http://reset-qrcode-pay.com,1
https://financesms-alert.icu,1
http://accountbox-supporthelp.co,1
https://crypto-walletaccess.page,1
http://moneygram-customeralert.us,1
https://help-desk.microsoft365.supportcloud.top,1
http://kvbank-co-in.verifiedaccess.site,1
https://www.moneycontrol.alertshn.info,1
http://trading-gateway-csv.com,1
https://office-adminpanel-bot.site,1
http://email-authen-unionbank.com,1
https://dropboxreload-authenticate.ru,1
https://ebay-account-claims.net,1
http://citibank-apac-alertupdate.info,1
https://docsend-shares-file-links.live,1
http://otp.security-chase.net,1
https://binance-account-restriction.us,1
http://coinbase.bonus-dropgive.info,1
https://wordpress-support-update.site,1
http://activate.mobilebank-auth.cloud,1
https://bitly.mybank-business-cloud,1
http://verified-amway-user-register.site,1
http://mariott-bonvoy-invite.info,1
https://aliexpress-auth-support.com,1
http://customers-successful-support.shop,1
https://cloudflare-dns-validate.ru,1
http://canvas-lms-verify.edu,1
https://airbnb-listing-validation.cc,1
http://www.walmart-update-alert.buzz,1
https://signup-mailchimp-authentication.io,1
http://protonmail-securityalertzero.com,1
https://aol-accountverificationupdate.space,1
http://securegdrive-scansafe.org,1
https://email-recovery-volkswagen.com,1
http://siteground-account-loginadmin.cloud,1
https://www.airtel-payinternets.com,1
http://evernote-password.notices-alerts.com,1
https://teams-corporateaccess.cc,1
http://magento-update.hostingpanel.co,1
https://oracle-subadmin-alerts-support.com,1
http://quora-hi-pwdreset.com,1
https://att-account-warningonline.com,1
http://capitalone-payapp-support.biz,1
https://confirm-battle-net-security.net,1
http://wetransfer-filesharing-auth.space,1
https://learnyst-reset-user-mx.top,1
http://adobe-connect-admin-fileverify.com,1
https://www.hubspot-marketingauth.site,1
http://www.globallogistics.in/secure-alerts,1
https://sepa-owncloud-accesssupport.cc,1
http://www.skype-support-devlink.io,1
https://telegram-messenger-channel.cloud,1
http://payoneer-billingupdate.cc,1
https://vpn-user-controlpanel-support.net,1
http://suthwest-airlines-helpdesk.com,1
https://booking-hotels-carddetails.com,1
http://wise-paypaymentrequests.co,1
http://fake-bank-bazaar-support.ga,1
https://citadel-bankingupdate-admin5.com,1
http://yoomoney-informeraccount.top,1
https://linkedin-attestationnotices.space,1
http://samba-bankloginupdate.me,1
https://nestaway-ownerportal-fake.com,1
http://state-bank-of-india-authalerts.co.in,1
https://canarabank-sso-user-support.net,1
http://yesbank-mail-portal.cc,1
https://policybazaar-account-supportupdates.site,1
http://bankofamerica-status-alert.com,1
https://icici-customerportal.email,1
http://hdfc-signinupdate-documents.com,1
https://citi-cards-upgrade.net,1
http://dbs-bankcard-support.me,1
https://secure.gsuite-auth-verification.net,1
http://vodafone-internal-mailcloud.com,1
https://mailchimp-2fa-reset.com,1
http://zoom-pmi-updatealerts.info,1
https://figma-designers-collab.cloud,1
http://britannia-biscuit-offershop.cc,1
https://kfc-employee-hrdocument360.com,1
http://byjus-class-portalreset.site,1
https://amazonmarketplace-fba-pay.com,1
http://wordle-update-win-stats.cc,1
https://cricbuzz-datafeedinfo.shop,1
http://whatsappweb-latestlink.info,1
https://temp-mail-password-reset.cc,1
http://zendesk.customer-support.updatealerts.com,1
https://supercell-gaming-support.cc,1
http://akams-trusted-mailopen.com,1
https://www.google.com,0
https://www.amazon.com,0
https://www.facebook.com,0
https://www.youtube.com,0
https://www.wikipedia.org,0
https://www.twitter.com,0
https://www.linkedin.com,0
https://www.instagram.com,0
https://www.microsoft.com,0
https://www.apple.com,0
https://www.netflix.com,0
https://www.github.com,0
https://www.stackoverflow.com,0
https://www.python.org,0
https://www.pypi.org,0
https://www.reddit.com,0
https://www.medium.com,0
https://www.quora.com,0
https://www.ted.com,0
https://www.coursera.org,0
https://www.udemy.com,0
https://www.khanacademy.org,0
https://www.edx.org,0
https://www.ibm.com,0
https://www.oracle.com,0
https://www.adobe.com,0
https://www.salesforce.com,0
https://www.shopify.com,0
https://www.paypal.com,0
https://www.spotify.com,0
https://www.slack.com,0
https://www.trello.com,0
https://www.atlassian.com,0
https://www.cloudflare.com,0
https://www.digitalocean.com,0
https://www.heroku.com,0
https://www.heroku.com/dashboard,0
https://developer.mozilla.org,0
https://code.visualstudio.com,0
https://www.jetbrains.com,0
https://www.jetbrains.com/pycharm,0
https://www.vscode.dev,0
https://www.docker.com,0
https://www.kubernetes.io,0
https://www.rust-lang.org,0
https://www.go.dev,0
https://www.raspberrypi.org,0
https://www.arduino.cc,0
https://www.nasa.gov,0
https://www.bbc.com,0
https://www.cnn.com,0
https://www.nytimes.com,0
https://www.theguardian.com,0
https://www.thehindu.com,0
https://www.timesofindia.com,0
https://www.ndtv.com,0
https://www.firstpost.com,0
https://www.moneycontrol.com,0
https://www.bseindia.com,0
https://www.nseindia.com,0
https://www.icicibank.com,0
https://www.hdfcbank.com,0
https://www.axisbank.com,0
https://www.sbi.co.in,0
https://www.bankofbaroda.in,0
https://www.pnbindia.in,0
https://www.unionbankofindia.co.in,0
https://www.indianrail.gov.in,0
https://www.irctc.co.in,0
https://www.seat61.com,0
https://www.airbnb.com,0
https://www.booking.com,0
https://www.expedia.com,0
https://www.tripadvisor.com,0
https://www.zomato.com,0
https://www.swiggy.com,0
https://www.uber.com,0
https://www.olacabs.com,0
https://www.makemytrip.com,0
https://www.google.co.in,0
https://play.google.com,0
https://apps.apple.com,0
https://support.google.com,0
https://accounts.google.com,0
https://mail.google.com,0
https://drive.google.com,0
https://docs.google.com,0
https://calendar.google.com,0
https://news.google.com,0
https://maps.google.com,0
https://www.blogger.com,0
https://www.wordpress.com,0
https://wordpress.org,0
https://www.cloudflarestatus.com,0
https://status.aws.amazon.com,0
https://aws.amazon.com,0
https://azure.microsoft.com,0
https://console.aws.amazon.com,0
https://console.azure.com,0
https://cloud.google.com,0
https://www.heroku.com/login,0
https://gitlab.com,0
https://bitbucket.org,0
https://www.digitalocean.com/products,0
https://www.jetbrains.com/idea,0
https://www.suse.com,0
https://www.redhat.com,0
https://www.centos.org,0
https://www.ubuntu.com,0
https://www.debian.org,0
https://www.archlinux.org,0
https://www.linux.org,0
https://www.kernel.org,0
https://www.mozilla.org,0
https://www.mozilla.com,0
https://www.mozilla.org/en-US/firefox/new/,0
https://www.android.com,0
https://www.spotify.com/in,0
https://www.slack.com/intl/en-in/,0
https://support.apple.com,0
https://developer.apple.com,0
https://developer.apple.com/documentation,0
https://developer.apple.com/xcode/,0
https://www.npmjs.com,0
https://www.stackexchange.com,0
https://math.stackexchange.com,0
https://superuser.com,0
https://serverfault.com,0
https://www.askubuntu.com,0
https://www.askdev.info,0
https://www.hackerearth.com,0
https://www.hackerrank.com,0
https://www.codechef.com,0
https://www.geeksforgeeks.org,0
https://www.tutorialspoint.com,0
https://www.w3schools.com,0
https://www.freecodecamp.org,0
https://www.kaggle.com,0
https://www.analyticsvidhya.com,0
https://www.datasciencecentral.com,0
https://www.indeed.com,0
https://www.glassdoor.co.in,0
https://www.naukri.com,0
https://www.monsterindia.com,0
https://www.linkedin.com/jobs,0
https://www.github.io,0
https://pages.github.com,0
https://gist.github.com,0
https://education.github.com,0
https://pages.github.com/education,0
https://opensource.google,0
https://opensource.microsoft.com,0
https://opensource.facebook.com,0
https://www.openai.com,0
https://chat.openai.com,0
https://platform.openai.com,0
https://beta.openai.com,0
https://research.google,0
https://ai.google,0
https://ai.facebook.com,0
https://research.facebook.com,0
https://www.cs.cmu.edu,0
https://www.stanford.edu,0
https://www.mit.edu,0
https://www.berkeley.edu,0
https://www.ox.ac.uk,0
https://www.cam.ac.uk,0
https://www.nyu.edu,0
https://www.harvard.edu,0
https://www.princeton.edu,0
https://www.yale.edu,0
https://www.columbia.edu,0
https://www.ucla.edu,0
https://www.utexas.edu,0
https://www.utoronto.ca,0
https://www.utoronto.ca/engineering,0
https://www.singaporetech.edu.sg,0
https://www.nus.edu.sg,0
https://www.ntu.edu.sg,0
https://www.tokyo.ac.jp,0
https://www.titech.ac.jp,0
https://www.kyoto-u.ac.jp,0
https://www.skoltech.ru,0
https://www.ethz.ch,0
https://www.epfl.ch,0
https://www.tum.de,0
https://www.uni-muenchen.de,0
https://www.lse.ac.uk,0
https://www.imperial.ac.uk,0
https://www.kcl.ac.uk,0
https://www.ucl.ac.uk,0
https://www.sabanciuniv.edu,0
https://www.koc.edu.tr,0
https://www.bilkent.edu.tr,0
https://www.kaust.edu.sa,0
https://www.rit.edu,0
https://www.sfu.ca,0
https://www.uq.edu.au,0
https://www.unsw.edu.au,0
https://www.auckland.ac.nz,0
https://www.massey.ac.nz,0
https://legit-google.com,0
https://www.google.com,0
https://www.wikipedia.org,0
https://www.amazon.com,0
https://www.facebook.com,0
https://www.youtube.com,0
https://www.twitter.com,0
https://www.linkedin.com,0
https://www.microsoft.com,0
https://www.apple.com,0
https://www.github.com,0
https://www.stackoverflow.com,0
https://www.reddit.com,0
https://www.netflix.com,0
https://www.instagram.com,0
https://www.wikipedia.com,0
https://www.bing.com,0
https://en.wikipedia.org/wiki/Main_Page,0
https://www.paypal.com,0
https://support.google.com,0
https://accounts.google.com,0
https://mail.google.com,0
https://drive.google.com,0
https://docs.google.com,0
https://calendar.google.com,0
https://news.google.com,0
https://maps.google.com,0
https://www.ebay.com,0
https://www.amazon.in,0
https://www.apple.com/in,0
https://developer.mozilla.org,0
https://www.python.org,0
https://pypi.org,0
https://www.djangoproject.com,0
https://www.heroku.com,0
https://www.digitalocean.com,0
https://www.cloudflare.com,0
https://www.cloudflarestatus.com,0
https://status.aws.amazon.com,0
https://aws.amazon.com,0
https://azure.microsoft.com,0
https://www.adobe.com,0
https://www.salesforce.com,0
https://www.tesla.com,0
https://www.shopify.com,0
https://www.whatsapp.com,0
https://www.spotify.com,0
https://www.paytm.com,0
https://www.zomato.com,0
https://www.swiggy.com,0
https://www.medium.com,0
https://www.quora.com,0
https://www.stackexchange.com,0
https://www.apache.org,0
https://opensource.google,0
https://www.oracle.com,0
https://www.ibm.com,0
https://www.nytimes.com,0
https://www.bbc.com,0
https://www.cnn.com,0
https://www.theguardian.com,0
https://www.washingtonpost.com,0
https://www.nationalgeographic.com,0
https://www.github.io,0
https://gitlab.com,0
https://www.bitbucket.org,0
https://www.jetbrains.com,0
https://www.jetbrains.com/pycharm,0
https://www.vscode.dev,0
https://code.visualstudio.com,0
https://www.heroku.com/dashboard,0
https://www.digitalocean.com/products,0
https://www.python.org/downloads,0
https://www.djangoproject.com/start,0
https://www.ruby-lang.org,0
https://www.php.net,0
https://www.linux.org,0
https://www.kernel.org,0
https://www.ubuntu.com,0
https://legit-google.com,0
https://www.google.com,0
https://www.wikipedia.org,0
https://www.amazon.com,0
https://www.facebook.com,0
https://www.youtube.com,0
https://www.twitter.com,0
https://www.linkedin.com,0
https://www.microsoft.com,0
https://www.apple.com,0
https://www.github.com,0
https://www.stackoverflow.com,0
https://www.reddit.com,0
https://www.netflix.com,0
https://www.instagram.com,0
https://www.wikipedia.com,0
https://www.bing.com,0
https://en.wikipedia.org/wiki/Main_Page,0
https://www.paypal.com,0
https://support.google.com,0
https://accounts.google.com,0
https://mail.google.com,0
https://drive.google.com,0
https://docs.google.com,0
https://calendar.google.com,0
https://news.google.com,0
https://maps.google.com,0
https://www.ebay.com,0
https://www.amazon.in,0
https://www.apple.com/in,0
https://developer.mozilla.org,0
https://www.python.org,0
https://pypi.org,0
https://www.djangoproject.com,0
https://www.heroku.com,0
https://www.digitalocean.com,0
https://www.cloudflare.com,0
https://www.cloudflarestatus.com,0
https://status.aws.amazon.com,0
https://aws.amazon.com,0
https://azure.microsoft.com,0
https://www.adobe.com,0
https://www.salesforce.com,0
https://www.tesla.com,0
https://www.shopify.com,0
https://www.whatsapp.com,0
https://www.spotify.com,0
https://www.paytm.com,0
https://www.zomato.com,0
https://www.swiggy.com,0
https://www.medium.com,0
https://www.quora.com,0
https://www.stackexchange.com,0
https://www.apache.org,0
https://opensource.google,0
https://www.oracle.com,0
https://www.ibm.com,0
https://www.nytimes.com,0
https://www.bbc.com,0
https://www.cnn.com,0
https://www.theguardian.com,0
https://www.washingtonpost.com,0
https://www.nationalgeographic.com,0
https://www.github.io,0
https://gitlab.com,0
https://www.bitbucket.org,0
https://www.jetbrains.com,0
https://www.jetbrains.com/pycharm,0
https://www.vscode.dev,0
https://code.visualstudio.com,0
https://www.heroku.com/dashboard,0
https://www.digitalocean.com/products,0
https://www.python.org/downloads,0
https://www.djangoproject.com/start,0
https://www.ruby-lang.org,0
https://www.php.net,0
https://www.linux.org,0
https://www.kernel.org,0
https://www.ubuntu.com,0
https://bing.com,0
https://www.yahoo.co.jp,0
https://google.it,0
https://uol.com.br,0
https://www.amazon.co.uk,0
https://naver.com,0
https://discord.com,0
https://temu.com,0
https://zillow.com,0
https://marca.com,0
https://www.roblox.com,0
https://www.tiktok.com,0
https://google.es,0
https://infobae.com,0
https://pinterest.com,0
https://www.paypal.com,0
https://instructure.com,0
https://www.microsoftonline.com,0
https://www.twitch.tv,0
https://www.canva.com,0
https://vk.com,0
https://www.dailymotion.com,0
https://www.amazon.co.jp,0
https://ecosia.org,0
https://x.com,0
https://www.brave.com,0
https://messenger.com,0
https://globo.com,0
https://www.yelp.com,0
https://www.microsoft.com,0
https://www.etsy.com,0
https://live.com,0
https://openai.com,0
https://www.booking.com,0
https://apple.com,0
https://www.walmart.com,0
https://accuweather.com,0
https://www.ozon.ru,0
https://fandom.com,0
https://www.linkedin.com,0
https://shop.app,0
https://microsoftonline.com,0
https://www.instagram.com,0
https://weather.com,0
https://msn.com,0
https://globo.com/,0
https://www.youtube.com,0
https://www.twitter.com,0
https://www.facebook.com,0
https://www.reddit.com,0
https://www.whatsapp.com,0
https://www.bing.com,0
https://www.amazon.com,0
https://www.yahoo.com,0
https://www.temu.com,0
https://www.duckduckgo.com,0
https://www.yahoo.co.jp,0
https://www.tiktok.com,0
https://www.yandex.ru,0
https://www.weather.com,0
https://www.microsoft.com,0
https://www.live.com,0
https://www.fandom.com,0
https://www.netflix.com,0
https://www.pinterest.com,0
https://www.openai.com,0
https://www.naver.com,0
https://www.office.com,0
https://www.canva.com,0
https://www.vk.com,0
https://www.aliexpress.com,0
https://www.discord.com,0
https://www.github.com,0
https://www.imdb.com,0
https://www.bilibili.com,0
https://www.mail.ru,0
https://www.amazon.de,0
https://www.dailymotion.com,0
https://www.bbc.com,0
https://www.booking.com,0
https://www.espn.com,0
https://www.cnn.com,0
https://www.indeed.com,0
https://www.rakuten.co.jp,0
https://www.google.com.br,0
https://www.google.co.uk,0
https://www.zoom.us,0
https://www.adobe.com,0
https://www.usps.com,0
https://www.ozon.ru,0
https://www.cricbuzz.com,0
https://www.accuweather.com,0
https://www.etsy.com,0
https://www.dzen.ru,0
https://www.steampowered.com,0
https://www.shopify.com,0
https://www.steamcommunity.com,0
https://www.ecosia.org,0
https://www.disneyplus.com,0
https://www.primevideo.com,0
https://chatgpt.com,0
https://baidu.com,0
https://sharepoint.com,0
https://samsung.com,0
https://t.me,0
https://zoom.com,0
https://docomo.ne.jp,0
https://policies.google.com,0
https://plus.google.com,0
https://europa.eu,0
https://wa.me,0
https://bp.blogspot.com,0
https://pt.wikipedia.org,0
https://istockphoto.com,0
https://es.wikipedia.org,0
https://vimeo.com,0
https://weebly.com,0
https://files.wordpress.com,0
https://tools.google.com,0
https://jimdofree.com,0
https://mediafire.com,0
https://draft.blogger.com,0
https://google.de,0
https://wikimedia.org,0
https://myspace.com,0
https://brandbucket.com,0
https://developers.google.com,0
https://dropbox.com,0
https://gravatar.com,0
https://googleblog.com,0
https://opera.com,0
https://goo.gl,0
https://fr.wikipedia.org,0
https://forms.gle,0
https://nih.gov,0
https://bbc.co.uk,0
https://netvibes.com,0
https://ok.ru,0
https://w3.org,0
https://cpanel.net,0
https://line.me,0
https://issuu.com,0
https://youronlinechoices.com,0
https://slideshare.net,0
https://businessinsider.com,0
https://ig.com.br,0
https://4shared.com,0
https://google.fr,0
https://afternic.com,0
https://usatoday.com,0
https://news.yahoo.com,0
https://scribd.com,0
https://storage.googleapis.com,0
https://bloomberg.com,0
https://wiley.com,0
https://dan.com,0
https://indiatimes.com,0
https://nginx.com,0
https://estadao.com.br,0
https://independent.co.uk,0
https://huffpost.com,0
https://forbes.com,0
https://plesk.com,0
https://mirror.co.uk,0
https://myaccount.google.com,0
https://telegram.org,0
https://rutube.ru,0
https://ya.ru,0
https://dailymail.co.uk,0
https://google.co.jp,0
https://amazon.it,0
https://ikea.com,0
https://foxnews.com,0
https://amazon.fr,0
https://max.com,0
https://google.ca,0
https://ilovepdf.com,0
https://avito.ru,0
https://outlook.com,0
https://wildberries.ru,0
https://gmail.com,0
https://linktree.ee,0
https://people.com,0
https://shein.com,0
https://coupang.com,0
https://wiktionary.org,0
https://healthline.com,0
https://clevelandclinic.org,0
https://mayoclinic.org,0
https://collinsdictionary.com,0
https://target.com,0
https://merriam-webster.com,0
https://sciencedirect.com,0
https://aol.com,0
https://study.com,0
https://justanswer.com,0
https://threads.com,0
https://dictionary.com,0
https://nhs.uk,0
https://homedepot.com,0
https://waze.com,0
https://trip.com,0
https://ign.com,0
https://bab.la,0
https://gov.uk,0
https://genius.com,0
https://substack.com,0
https://bet365.com,0
https://atlassian.net,0
https://lequipe.fr,0
https://rt.com,0
https://spiegel.de,0
https://bild.de,0
https://elpais.com,0
https://as.com,0
https://repubblica.it,0
https://corriere.it,0
https://lefigaro.fr,0
https://lemonde.fr,0
https://indiatoday.in,0
https://hindustantimes.com,0
https://aljazeera.com,0
https://dw.com,0
https://voanews.com,0
https://reuters.com,0
https://apnews.com,0
https://wsj.com,0
https://ft.com,0
https://cnbc.com,0
https://marketwatch.com,0
https://seekingalpha.com,0
https://investopedia.com,0
https://morningstar.com,0
https://fidelity.com,0
https://vanguard.com,0
https://schwab.com,0
https://tdameritrade.com,0
https://eaton.com,0
https://siemens.com,0
https://honeywell.com,0
https://3m.com,0
https://ge.com,0
https://boeing.com,0
https://lockheedmartin.com,0
https://northropgrumman.com,0
https://raytheon.com,0
https://bae.com,0
https://thalesgroup.com,0
https://airbus.com,0
https://rolls-royce.com,0
https://toyota.com,0
https://honda.com,0
https://nissan.com,0
https://hyundai.com,0
https://kia.com,0
https://volkswagen.com,0
https://bmw.com,0
https://mercedes-benz.com,0
https://ford.com,0
https://gm.com,0
https://stellantis.com,0
https://ferrari.com,0
https://lamborghini.com,0
https://porsche.com,0
https://mclaren.com,0
https://astonmartin.com,0
https://lego.com,0
https://mattel.com,0
https://hasbro.com,0
https://nintendo.com,0
https://playstation.com,0
https://xbox.com,0
https://ea.com,0
https://ubisoft.com,0
https://activision.com,0
https://take2games.com,0
https://epicgames.com,0
https://riotgames.com,0
https://valve.com,0
https://garena.com,0
https://tencent.com,0
https://alibaba.com,0
https://jd.com,0
https://pinduoduo.com,0
https://meituan.com,0
https://bytedance.com,0
https://kuaishou.com,0
https://priceline.com,0
https://hotels.com,0
https://agoda.com,0
https://trivago.com,0
https://skyscanner.com,0
https://kayak.com,0
https://momondo.com,0
https://cheaptickets.com,0
https://hotwire.com,0
https://orbitz.com,0
https://travelocity.com,0
https://lastminute.com,0
https://goibibo.com,0
https://yatra.com,0
https://cleartrip.com,0
https://vrbo.com,0
https://homeaway.com,0
https://hostelworld.com,0
https://hotelscombined.com,0
https://glassdoor.com,0
https://monster.com,0
https://careerbuilder.com,0
https://dice.com,0
https://simplyhired.com,0
https://ziprecruiter.com,0
https://sourceforge.net,0
https://terraform.io,0
https://ansible.com,0
https://puppet.com,0
https://chef.io,0
https://servicenow.com,0
https://sap.com,0
https://hp.com,0
https://dell.com,0
https://acer.com,0
https://asus.com,0
https://lenovo.com,0
https://logitech.com,0
https://razer.com,0
https://steelseries.com,0
https://corsair.com,0
https://kingston.com,0
https://sandisk.com,0
https://western digital.com,0
https://seagate.com,0
https://micron.com,0
https://lg.com,0
https://sony.com,0
https://panasonic.com,0
https://sharp.com,0
https://toshiba.com,0
https://philips.com,0
https://electrolux.com,0
https://whirlpool.com,0
https://geappliances.com,0
https://miele.com,0
https://dyson.com,0
https://bosch-home.com,0
https://homegoods.com,0
https://tjmaxx.com,0
https://marshalls.com,0
https://costco.com,0
https://samsclub.com,0
https://bestbuy.com,0
https://staples.com,0
https://officedepot.com,0
https://kroger.com,0
https://albertsons.com,0
https://publix.com,0
https://wholefoodsmarket.com,0
https://traderjoes.com,0
https://aldi.us,0
https://lidl.us,0
https://safeway.com,0
https://vons.com,0
https://jewelosco.com,0
https://shaws.com,0
https://star-market.com,0
https://acmemarkets.com,0
https://giantfood.com,0
https://stopandshop.com,0
https://weismarkets.com,0
https://wegmans.com,0
https://www.nih.gov,0
https://www.fda.gov,0
https://www.cdc.gov,0
https://www.epa.gov,0
https://www.usa.gov,0
https://www.canada.ca,0
https://www.gov.uk,0
https://www.australia.gov.au,0
https://www.newzealand.govt.nz,0
https://www.who.int,0
https://www.un.org,0
https://www.worldbank.org,0
https://www.imf.org,0
https://www.ecb.europa.eu,0
https://www.federalreserve.gov,0
https://www.bankofengland.co.uk,0
https://www.boj.or.jp,0
https://www.rba.gov.au,0
https://www.boj.or.jp/en/,0
https://www.statista.com,0
https://www.investing.com,0
https://www.forbes.com,0
https://www.bloomberg.com,0
https://www.reuters.com,0
https://www.apnews.com,0
https://www.foxnews.com,0
https://www.nbcnews.com,0
https://www.cbsnews.com,0
https://www.abcnews.go.com,0
https://www.hulu.com,0
https://www.sciencedaily.com,0
https://www.techcrunch.com,0
https://www.theverge.com,0
https://www.wired.com,0
https://www.gizmodo.com,0
https://www.arstechnica.com,0
https://www.pcmag.com,0
https://www.tomsguide.com,0
https://www.techradar.com,0
https://www.zdnet.com,0
https://www.engadget.com,0
https://www.mashable.com,0
https://www.cnet.com,0
https://www.gamespot.com,0
https://www.metacritic.com,0
https://www.rottentomatoes.com,0
https://www.allrecipes.com,0
https://www.foodnetwork.com,0
https://www.epicurious.com,0
https://www.seriouseats.com,0
https://www.yummly.com,0
https://www.khanacademy.org,0
https://www.coursera.org,0
https://www.edx.org,0
https://www.udemy.com,0
https://www.pluralsight.com,0
https://www.skillshare.com,0
https://www.masterclass.com,0
https://www.geeksforgeeks.org,0
https://www.hackerrank.com,0
https://www.leetcode.com,0
https://www.codewars.com,0
https://www.topcoder.com,0
https://www.kaggle.com,0
https://www.datacamp.com,0
https://www.tableau.com,0
https://www.powerbi.microsoft.com,0
https://www.splunk.com,0
https://www.elastic.co,0
https://www.redhat.com,0
https://www.suse.com,0
https://www.canonical.com,0
https://www.debian.org,0
https://www.centos.org,0
https://www.nationalgeographic.com,0
